{
  "version": 1,
  "author": "Victor Hayashi",
  "editor": "wokwi",
  "parts": [
    { "type": "board-esp32-s3-devkitc-1", "id": "esp", "top": 0, "left": 0, "attrs": {} },
    {
      "type": "wokwi-led",
      "id": "led1",
      "top": 121.2,
      "left": 205.4,
      "attrs": { "color": "red" }
    },
    {
      "type": "wokwi-resistor",
      "id": "r1",
      "top": 195.95,
      "left": 124.8,
      "attrs": { "value": "10000" }
    },
    {
      "type": "wokwi-resistor",
      "id": "r2",
      "top": 215.15,
      "left": 201.6,
      "attrs": { "value": "10000" }
    },
    {
      "type": "wokwi-resistor",
      "id": "r3",
      "top": 243.95,
      "left": -144,
      "attrs": { "value": "10000" }
    },
    {
      "type": "wokwi-led",
      "id": "led2",
      "top": 186.32,
      "left": 271.67,
      "attrs": { "color": "green" }
    },
    {
      "type": "wokwi-led",
      "id": "led3",
      "top": 121.2,
      "left": -169,
      "attrs": { "color": "yellow" }
    },
    {
      "type": "wokwi-resistor",
      "id": "r4",
      "top": 109,
      "left": -96.85,
      "rotate": 270,
      "attrs": { "value": "10000" }
    },
    {
      "type": "wokwi-photoresistor-sensor",
      "id": "ldr1",
      "top": 12.8,
      "left": -440.8,
      "attrs": {}
    },
    {
      "type": "wokwi-pushbutton-6mm",
      "id": "btn1",
      "top": 84.2,
      "left": -144,
      "attrs": { "color": "green" }
    }
  ],
  "connections": [
    [ "esp:TX", "$serialMonitor:RX", "", [] ],
    [ "esp:RX", "$serialMonitor:TX", "", [] ],
    [ "led3:C", "r3:1", "black", [ "h-28.32", "v66.1" ] ],
    [ "r2:1", "esp:GND.4", "black", [ "v0" ] ],
    [ "r2:2", "led2:C", "black", [ "v0" ] ],
    [ "r1:2", "led1:C", "black", [ "v0" ] ],
    [ "ldr1:GND", "esp:GND.1", "black", [ "h19.2", "v239.6", "h211.2", "v-48" ] ],
    [ "ldr1:DO", "esp:4", "orange", [ "h172.8", "v9" ] ],
    [ "btn1:2.l", "esp:5V", "red", [ "h-19.2", "v96.4" ] ],
    [ "btn1:1.l", "esp:4", "red", [ "h-9.6", "v-19.2" ] ],
    [ "btn1:1.r", "r4:2", "black", [ "v0" ] ],
    [ "r4:1", "esp:GND.1", "black", [ "h9.6", "v86.4" ] ],
    [ "led3:A", "esp:10", "yellow", [ "v0" ] ],
    [ "r3:2", "esp:GND.1", "black", [ "v0" ] ],
    [ "r1:1", "esp:GND.3", "black", [ "v19.2", "h-38.4" ] ],
    [ "led1:A", "esp:40", "green", [ "v0", "h28.8", "v-57.6" ] ],
    [ "esp:41", "led2:A", "green", [ "h206.17", "v143.82", "h19.2" ] ]
  ],
  "dependencies": {}
}